full_name,stars,watchers,forks,stars_delta,watchers_delta,forks_delta,url
shareAI-lab/learn-claude-code,67589,67589,10993,14,14,5,https://github.com/shareAI-lab/learn-claude-code
ChinaSiro/claude-code-sourcemap,9435,9435,14690,0,0,-1,https://github.com/ChinaSiro/claude-code-sourcemap
pengchengneo/Claude-Code,1552,1552,2473,2,2,0,https://github.com/pengchengneo/Claude-Code
Alishahryar1/free-claude-code,35927,35927,5579,35,35,7,https://github.com/Alishahryar1/free-claude-code
hesreallyhim/awesome-claude-code,46933,46933,4096,15,15,0,https://github.com/hesreallyhim/awesome-claude-code
shanraisshan/claude-code-best-practice,58424,58424,5873,11,11,1,https://github.com/shanraisshan/claude-code-best-practice
musistudio/claude-code-router,35178,35178,2887,11,11,0,https://github.com/musistudio/claude-code-router
davila7/claude-code-templates,28203,28203,2935,6,6,1,https://github.com/davila7/claude-code-templates
LING71671/Open-ClaudeCode,896,896,1210,0,0,0,https://github.com/LING71671/Open-ClaudeCode
Donchitos/Claude-Code-Game-Studios,21967,21967,3176,7,7,1,https://github.com/Donchitos/Claude-Code-Game-Studios
oboard/claude-code-rev,3216,3216,3823,0,0,0,https://github.com/oboard/claude-code-rev
VoltAgent/awesome-claude-code-subagents,22175,22175,2591,13,13,1,https://github.com/VoltAgent/awesome-claude-code-subagents
ponponon/claude_code_src,2293,2293,3529,1,1,1,https://github.com/ponponon/claude_code_src
anthropics/claude-code-action,8078,8078,1916,1,1,1,https://github.com/anthropics/claude-code-action
Piebald-AI/claude-code-system-prompts,11256,11256,1955,3,3,0,https://github.com/Piebald-AI/claude-code-system-prompts
liuup/claude-code-analysis,3232,3232,1850,1,1,1,https://github.com/liuup/claude-code-analysis
diet103/claude-code-infrastructure-showcase,9714,9714,1219,1,1,0,https://github.com/diet103/claude-code-infrastructure-showcase
frankbria/ralph-claude-code,9422,9422,723,3,3,0,https://github.com/frankbria/ralph-claude-code
pedrohcgs/claude-code-my-workflow,1289,1289,2594,1,1,2,https://github.com/pedrohcgs/claude-code-my-workflow
ykdojo/claude-code-tips,8869,8869,682,1,1,0,https://github.com/ykdojo/claude-code-tips
chauncygu/collection-claude-code-source-code,2660,2660,2390,1,1,0,https://github.com/chauncygu/collection-claude-code-source-code
hangsman/claude-code-source,787,787,1759,0,0,0,https://github.com/hangsman/claude-code-source
lintsinghua/claude-code-book,3706,3706,777,1,1,1,https://github.com/lintsinghua/claude-code-book
ChrisWiles/claude-code-showcase,5965,5965,562,0,0,0,https://github.com/ChrisWiles/claude-code-showcase
huangserva/claude-code-cli,608,608,1308,0,0,0,https://github.com/huangserva/claude-code-cli
OneRedOak/claude-code-workflows,3836,3836,567,1,1,0,https://github.com/OneRedOak/claude-code-workflows
wanshuiyin/Auto-claude-code-research-in-sleep,12395,12395,1130,4,4,0,https://github.com/wanshuiyin/Auto-claude-code-research-in-sleep
affaan-m/ECC,218917,218917,33563,107,107,9,https://github.com/affaan-m/ECC
FlorianBruniaux/claude-code-ultimate-guide,5113,5113,677,2,2,0,https://github.com/FlorianBruniaux/claude-code-ultimate-guide
nicedreamzapp/claude-code-local,2801,2801,534,0,0,0,https://github.com/nicedreamzapp/claude-code-local
1rgs/claude-code-proxy,3646,3646,473,0,0,0,https://github.com/1rgs/claude-code-proxy
zebbern/claude-code-guide,4320,4320,437,0,0,0,https://github.com/zebbern/claude-code-guide
lorryjovens-hub/claude-code-rust,1648,1648,638,0,0,0,https://github.com/lorryjovens-hub/claude-code-rust
anthropics/claude-code-security-review,5300,5300,547,1,1,0,https://github.com/anthropics/claude-code-security-review
disler/claude-code-hooks-mastery,3780,3780,622,0,0,0,https://github.com/disler/claude-code-hooks-mastery
zstmfhy/Claude-code,190,190,286,0,0,0,https://github.com/zstmfhy/Claude-code
Maciek-roboblog/Claude-Code-Usage-Monitor,8242,8242,424,1,1,0,https://github.com/Maciek-roboblog/Claude-Code-Usage-Monitor
777genius/claude-code-source-code,915,915,1103,0,0,0,https://github.com/777genius/claude-code-source-code
rohitg00/awesome-claude-code-toolkit,2121,2121,708,0,0,2,https://github.com/rohitg00/awesome-claude-code-toolkit
alejandrobalderas/claude-code-from-source,2268,2268,659,3,3,0,https://github.com/alejandrobalderas/claude-code-from-source
Windy3f3f3f3f/how-claude-code-works,2687,2687,615,1,1,0,https://github.com/Windy3f3f3f3f/how-claude-code-works
fuergaosi233/claude-code-proxy,2677,2677,394,0,0,0,https://github.com/fuergaosi233/claude-code-proxy
RichardAtCT/claude-code-telegram,2701,2701,394,0,0,0,https://github.com/RichardAtCT/claude-code-telegram
ding113/claude-code-hub,3137,3137,355,0,0,0,https://github.com/ding113/claude-code-hub
Yuyz0112/claude-code-reverse,2387,2387,406,0,0,0,https://github.com/Yuyz0112/claude-code-reverse
kodu-ai/claude-coder,5256,5256,198,0,0,0,https://github.com/kodu-ai/claude-coder
fazxes/Claude-code,222,222,215,0,0,0,https://github.com/fazxes/Claude-code
multica-ai/andrej-karpathy-skills,179301,179301,18335,105,105,14,https://github.com/multica-ai/andrej-karpathy-skills
Cranot/claude-code-guide,2808,2808,318,0,0,0,https://github.com/Cranot/claude-code-guide
SeemSeam/claude_codex_bridge,3040,3040,304,1,1,0,https://github.com/SeemSeam/claude_codex_bridge
luyao618/Claude-Code-Source-Study,1547,1547,539,0,0,1,https://github.com/luyao618/Claude-Code-Source-Study
Chachamaru127/claude-code-harness,2830,2830,273,4,4,0,https://github.com/Chachamaru127/claude-code-harness
AprilNEA/claude-code-source,388,388,614,0,0,0,https://github.com/AprilNEA/claude-code-source
https-deeplearning-ai/sc-claude-code-files,532,532,782,0,0,0,https://github.com/https-deeplearning-ai/sc-claude-code-files
repowise-dev/claude-code-prompts,1109,1109,380,2,2,2,https://github.com/repowise-dev/claude-code-prompts
anthropics/claude-code-base-action,885,885,607,1,1,0,https://github.com/anthropics/claude-code-base-action
anthropics/skills,153247,153247,18067,62,62,13,https://github.com/anthropics/skills
guanshan/ClaudeCode,60,60,213,0,0,0,https://github.com/guanshan/ClaudeCode
JrCx7scC/claude-code-source,370,370,547,0,0,0,https://github.com/JrCx7scC/claude-code-source
edmund-io/edmunds-claude-code,1465,1465,283,0,0,0,https://github.com/edmund-io/edmunds-claude-code
Pimzino/claude-code-spec-workflow,3773,3773,265,0,0,0,https://github.com/Pimzino/claude-code-spec-workflow
carlvellotti/claude-code-pm-course,2094,2094,341,1,1,0,https://github.com/carlvellotti/claude-code-pm-course
Windy3f3f3f3f/claude-code-from-scratch,1434,1434,396,0,0,0,https://github.com/Windy3f3f3f3f/claude-code-from-scratch
Yeachan-Heo/oh-my-claudecode,36687,36687,3322,8,8,0,https://github.com/Yeachan-Heo/oh-my-claudecode
AICoderTudou/claude-code-tudou,500,500,396,0,0,0,https://github.com/AICoderTudou/claude-code-tudou
huangjia2019/claude-code-engineering,861,861,314,0,0,0,https://github.com/huangjia2019/claude-code-engineering
andrew-kramer-inno/claude-code-source-build,589,589,525,0,0,0,https://github.com/andrew-kramer-inno/claude-code-source-build
router-for-me/CLIProxyAPI,37975,37975,6281,12,12,1,https://github.com/router-for-me/CLIProxyAPI
disler/pi-vs-claude-code,1393,1393,339,1,1,0,https://github.com/disler/pi-vs-claude-code
feiskyer/claude-code-settings,1559,1559,227,0,0,1,https://github.com/feiskyer/claude-code-settings
darcyegb/ClaudeCodeAgents,731,731,68,0,0,0,https://github.com/darcyegb/ClaudeCodeAgents
jqueryscript/awesome-claude-code,433,433,389,1,1,0,https://github.com/jqueryscript/awesome-claude-code
ghuntley/claude-code-source-code-deobfuscation,985,985,552,0,0,0,https://github.com/ghuntley/claude-code-source-code-deobfuscation
KPR111/Claude-Code,18,18,329,0,0,0,https://github.com/KPR111/Claude-Code
sugyan/claude-code-webui,1132,1132,245,0,0,0,https://github.com/sugyan/claude-code-webui
luongnv89/claude-howto,37697,37697,4553,11,11,1,https://github.com/luongnv89/claude-howto
jeremylongshore/claude-code-plugins-plus-skills,2400,2400,341,1,1,0,https://github.com/jeremylongshore/claude-code-plugins-plus-skills
centminmod/my-claude-code-setup,2423,2423,228,0,0,0,https://github.com/centminmod/my-claude-code-setup
Hyper66666/claude-code-sourcemap,216,216,452,0,0,0,https://github.com/Hyper66666/claude-code-sourcemap
VILA-Lab/Dive-into-Claude-Code,1704,1704,257,2,2,0,https://github.com/VILA-Lab/Dive-into-Claude-Code
catlog22/Claude-Code-Workflow,2127,2127,168,1,1,0,https://github.com/catlog22/Claude-Code-Workflow
digitalsamba/claude-code-video-toolkit,1535,1535,264,0,0,0,https://github.com/digitalsamba/claude-code-video-toolkit
OrcaWhisper/Claude-Code,78,78,156,78,78,156,https://github.com/OrcaWhisper/Claude-Code
